"1","Vingertasten en vlekken met een gevouwen microdoek klamvochtig reinigen","Vingertasten en vlekken met een gevouwen microdoek klamvochtig reinigen","1","vingertasten-en-vlekken-met-een-gevouwen-microdoek-klamvochtig-reini-gen-1677506176","1","2023-02-27 18:56:16","2023-03-15 15:04:39",\N
"5","Oppervlak met een gevouwen werkdoek klamvochtig reinigen. met chemical","Oppervlak met een gevouwen werkdoek klamvochtig reinigen. met chemical","1","oppervlak-met-een-gevouwen-werkdoek-klamvochtig-reinigen-met-chemical-1677508433","1","2023-02-27 19:33:53","2023-03-14 18:36:18",\N
"2","Vingertasten en vlekken met een  micro vezel handschoon  klamvochtig reinigen","Vingertasten en vlekken met een micro vezel handschoon  klamvochtig reining .","7","vingertasten-en-vlekken-met-een-micro-vezel-handschoon-klamvochtig-reinigen-1677506997","1","2023-02-27 19:09:57","2023-03-15 15:45:10",\N
"3","Vingertasten en vlekken met een micro vezel mop 23cm  klamvochtig reinigen","Vingertasten en vlekken met een micro vezel mop 23cm  klamvochtig reinigen alleen met water","42","vingertasten-en-vlekken-met-een-micro-vezel-mop-23cm-klamvochtig-reinigen-1677507209","1","2023-02-27 19:13:29","2023-03-15 15:48:13",\N
"4","De zonwering sluiten en atzuigen, maximale werkhoogte 2,60 m.","De zonwering sluiten en atzuigen, maximale werkhoogte 2,60 m.",\N,"de-zonwering-sluiten-en-atzuigen-maximale-werkhoogte-260-m-1677507793","1","2023-02-27 19:23:13","2023-04-27 11:33:08","2023-04-27 11:33:08"
"6","Verwijderen vingertasten en vlekken met  klemvocht micronvezel doek van draaideur, buiten","Verwijderen vingertasten en vlekken met  klemvocht micronvezel doek van draaideur, buiten","13","verwijderen-vingertasten-en-vlekken-met-klemvocht-micronvezel-doek-van-draaideur-buiten-1677730497","1","2023-03-02 09:14:57","2023-03-15 15:27:47",\N
"7","Verwijderen vingertasten en vlekken met  klemvocht micronvezel doek van draaideur, binnen","Verwijderen vingertasten en vlekken met  klemvocht micronvezel doek van draaideur, binnen","13","verwijderen-vingertasten-en-vlekken-met-klemvocht-micronvezel-doek-van-draaideur-binnen-1677730545","1","2023-03-02 09:15:45","2023-03-15 15:28:56",\N
"8","Vegen harde vloer Met bezem","Bijeenvegen van fijn en/of grof losliggend vuil en zand","27","vegen-harde-vloer-met-bezem-1677732403","1","2023-03-02 09:46:43","2023-04-27 11:30:37",\N
"9","Stofwissen harde vloer","Het stofbindend verwijderen van stof en losliggend vuil","27","stofwissen-harde-vloer-1677733263","1","2023-03-02 10:01:03","2023-04-27 11:30:58",\N
"10","Verwijderen van losliggende stof en vuil van het hele tapijtoppervlak","Verwijderen van losliggende stof en vuil van het hele tapijtoppervlak",\N,"verwijderen-van-losliggende-stof-en-vuil-van-het-hele-tapijtoppervlak-1677737486","1","2023-03-02 11:11:26","2023-04-27 11:33:16","2023-04-27 11:33:16"
"11","Klamvochtig reinigen bureau/tafel, bovenblad","Klamvochtig reinigen bureau/tafel, bovenblad  met micro vezel doek",\N,"klamvochtig-reinigen-bureautafel-bovenblad-1678355226","1","2023-03-09 14:47:06","2023-04-27 11:33:19","2023-04-27 11:33:19"
"12","2- Klamvochtig reinigen bureau/tafel, bovenblad met micro vezel hand schoon","Klamvochtig reinigen bureau/tafel, bovenblad met hand schoon",\N,"klamvochtig-reinigen-bureautafel-bovenblad-2-1678355402","1","2023-03-09 14:50:02","2023-04-27 11:33:35","2023-04-27 11:33:35"
"13","Klamvochtig reinigen bureau/ tafel, onderstel  met micro vezel doek","Klamvochtig reinigen bureau/ tafel, onderstel  met microvezel doek",\N,"klamvochtig-reinigen-bureau-tafel-onderstel-met-micro-vezel-doek-1678355661","1","2023-03-09 14:54:21","2023-04-27 11:33:29","2023-04-27 11:33:29"
"14","Klamvochtig reinigen bureau/ tafel, onderstel met miro vezel hand schoon","Klamvochtig reinigen bureau/ tafel, onderstel met miro vezel hand schoon",\N,"klamvochtig-reinigen-bureau-tafel-onderstel-met-miro-vezel-hand-schoon-1678355724","1","2023-03-09 14:55:24","2023-04-27 11:33:25","2023-04-27 11:33:25"
"15","Nat reinigen geheel bureau/ tafel (Wet Clean Table/Desk met microvezel doek","Nat reinigen geheel bureau/ tafel (Wet Clean Table/Desk met microvezel doek",\N,"nat-reinigen-geheel-bureau-tafel-wet-clean-tabledesk-met-microvezel-doek-1678355859","1","2023-03-09 14:57:39","2023-04-27 11:33:32","2023-04-27 11:33:32"
"16","Nat reinigen geheel bureau/ tafel (Wet Clean Table/Desk met microvezel hand schoon","Nat reinigen geheel bureau/ tafel (Wet Clean Table/Desk met microvezel hand schoon",\N,"nat-reinigen-geheel-bureau-tafel-wet-clean-tabledesk-met-microvezel-hand-schoon-1678355892","1","2023-03-09 14:58:12","2023-04-27 11:33:52","2023-04-27 11:33:52"
"17","Legen en klamvochtig reinigen papierbaklpedaalemmer  met micro vezel doek","Legen en klamvochtig reinigen papierbaklpedaalemmer met micro vezel doek",\N,"legen-en-klamvochtig-reinigen-papierbaklpedaalemmer-met-micro-vezel-doek-1678356609","1","2023-03-09 15:10:09","2023-04-27 11:33:39","2023-04-27 11:33:39"
"18","Legen en klamvochtig reinigen papierbaklpedaalemmer  met micro vezel hand schoon","Legen en klamvochtig reinigen papierbaklpedaalemmer  met micro vezel hand schoon",\N,"legen-en-klamvochtig-reinigen-papierbaklpedaalemmer-met-micro-vezel-hand-schoon-1678356661","1","2023-03-09 15:11:01","2023-04-27 11:33:48","2023-04-27 11:33:48"
"19","Nat reinigen papierbaklpedaalemmer  met micro vezel doek","Nat reinigen papierbaklpedaalemmer  met micro vezel doek","37","nat-reinigen-papierbaklpedaalemmer-met-micro-vezel-doek-1678356761","1","2023-03-09 15:12:41","2023-03-15 15:12:04",\N
"20","Nat reinigen papierbaklpedaalemmer  met micro vezel hand schoon","Nat reinigen papierbaklpedaalemmer  met micro vezel hand schoon","37","nat-reinigen-papierbaklpedaalemmer-met-micro-vezel-hand-schoon-1678356803","1","2023-03-09 15:13:23","2023-03-15 15:13:13",\N
"21","Klamvochtig reinigen en afzuigen stoel, kruk, zitbank met micro vezel doek","Klamvochtig reinigen en afzuigen stoel, kruk, zitbank met micro vezel doek",\N,"klamvochtig-reinigen-en-afzuigen-stoel-kruk-zitbank-met-micro-vezel-doek-1678357160","1","2023-03-09 15:19:20","2023-04-27 11:34:00","2023-04-27 11:34:00"
"22","Klamvochtig reinigen en afzuigen stoel, kruk, zitbank met micro vezel hand schoon","Klamvochtig reinigen en afzuigen stoel, kruk, zitbank met micro vezel hand schoon",\N,"klamvochtig-reinigen-en-afzuigen-stoel-kruk-zitbank-met-micro-vezel-hand-schoon-1678357204","1","2023-03-09 15:20:04","2023-04-27 11:34:08","2023-04-27 11:34:08"
"23","Nat reinigen en grondig afzuigen stoel, kruk en zitbank met micro vezel doek","Nat reinigen en grondig afzuigen stoel, kruk en zitbank met micro vezel doek",\N,"nat-reinigen-en-grondig-afzuigen-stoel-kruk-en-zitbank-met-micro-vezel-doek-1678357292","1","2023-03-09 15:21:32","2023-04-27 11:34:17","2023-04-27 11:34:17"
"24","Nat reinigen en grondig afzuigen stoel, kruk en zitbank met micro vezel hand schoon","Nat reinigen en grondig afzuigen stoel, kruk en zitbank met micro vezel hand schoon",\N,"nat-reinigen-en-grondig-afzuigen-stoel-kruk-en-zitbank-met-micro-vezel-hand-schoon-1678357329","1","2023-03-09 15:22:09","2023-04-27 11:34:21","2023-04-27 11:34:21"
"25","Klamvochtig reinigen ledenradiator Interior micro vezel handel","Klamvochtig reinigen ledenradiator interor miro vezel handel",\N,"klamvochtig-reinigen-ledenradiator-interior-micro-vezel-handel-1678358144","1","2023-03-09 15:35:44","2023-04-27 11:34:25","2023-04-27 11:34:25"
"26","polish surfaces","polish surfaces","27","mopping-1678456192","1","2023-03-10 18:49:52","2023-04-27 11:15:31",\N
"27","vocht afnemen","vocht af nemen met micro vezel doek","1","vocht-afnemen-1678456346","1","2023-03-10 18:52:26","2023-04-27 11:34:33","2023-04-27 11:34:33"
"28","Klamvochtig reinigen bureau/tafel, bovenblad  met micro vezel doek","Klamvochtig reinigen bureau/tafel, bovenblad  met micro vezel doek","8","klamvochtig-reinigen-bureautafel-bovenblad-met-micro-vezel-doek-1678457934","1","2023-03-10 19:18:54","2023-03-15 15:23:09",\N
"29","Klamvochtig reinigen bureau/ tafel, onderstel  met microvezel doek","Klamvochtig reinigen bureau/ tafel, onderstel  met microvezel doek","8","klamvochtig-reinigen-bureau-tafel-onderstel-met-microvezel-doek-1678458172","1","2023-03-10 19:22:52","2023-03-15 15:23:40",\N
"30","Nat reinigen bureau/ tafel (Wet Clean Table/Desk met micro vezel doek","Nat reinigen bureau/ tafel (Wet Clean Table/Desk met micro vezel doek","8","nat-reinigen-bureau-tafel-wet-clean-tabledesk-met-micro-vezel-doek-1678458322","1","2023-03-10 19:25:22","2023-03-15 15:24:11",\N
"31","Legen en klamvochtig reinigen met microvezeldoek","Legen en klamvochtig reinigen met microvezeldoek","17","legen-en-klamvochtig-reinigen-met-microvezeldoek-1678460211","1","2023-03-10 19:56:51","2023-03-15 16:07:14",\N
"33","Verwijderen vingertasten en vlekken van kast met microvezeldoek of handschoen","Verwijderen vingertasten en vlekken van kast met microvezeldoek of handschoen","10","verwijderen-vingertasten-en-vlekken-van-kast-met-microvezeldoek-of-handschoen-1678460608","1","2023-03-10 20:03:28","2023-04-27 11:35:53",\N
"34","Verwijderen vingertasten en vlekken van kast met microvezeldoek of handschoen","Verwijderen vingertasten en vlekken van kast met microvezeldoek of handschoen","2","verwijderen-vingertasten-en-vlekken-van-kast-met-microvezeldoek-of-handschoen-1678460643","1","2023-03-10 20:04:03","2023-04-27 11:36:09",\N
"35","Verwijderen vingertasten en vlekken van spiegelwand met microvezelmop afnemen 25 cm met telescoophendel","Verwijderen vingertasten en vlekken van spiegelwand met microvezelmop afnemen 25 cm met telescoophendel","47","verwijderen-vingertasten-en-vlekken-van-spiegelwand-met-microvezelmop-afnemen-25-cm-met-telescoophendel-1678460917","1","2023-03-10 20:08:37","2023-04-27 11:36:42",\N
"36","Kozijnen met interieur hendel en microvezelhoes","Kozijnen met interieur hendel en microvezelhoes","48","kozijnen-met-interieur-hendel-en-microvezelhoes-1678461337","1","2023-03-10 20:15:37","2023-04-27 11:38:17",\N
"37","Met interieur hendel en microvezelhoes","Met interieur hendel en microvezelhoes","4","met-interieur-hendel-en-microvezelhoes-1678461417","1","2023-03-10 20:16:57","2023-04-27 11:38:47",\N
"38","Moppen harde vloer met microvezelmop","Moppen harde vloer met microvezelmop","49","moppen-harde-vloer-met-microvezelmop-1678461664","1","2023-03-10 20:21:04","2023-04-27 11:39:30",\N
"39","Stofzuigen","Stofzuigen","49","stofzuigen-1678461712","1","2023-03-10 20:21:52","2023-04-27 11:39:52",\N
"40","Watergeven en vochtig afnemen met microvezeldoek","Watergeven en vochtig afnemen met microvezeldoek","50","watergeven-en-vochtig-afnemen-met-microvezeldoek-1678461800","1","2023-03-10 20:23:20","2023-04-27 11:40:16",\N
"41","Grondig schoonmaken met microvezeldoek","Grondig schoonmaken met microvezeldoek","51","grondig-schoonmaken-met-microvezeldoek-1678461914","1","2023-03-10 20:25:14","2023-03-15 15:25:37",\N
"42","Reinigen met interieur hendel","Reinigen met interieur hendel","12","reinigen-met-interieur-hendel-1678461979","1","2023-03-10 20:26:19","2023-03-10 20:26:19",\N
"43","Vingertasten en vlekken met een  micro vezel handschoon  klamvochtig reinigen","Vingertasten en vlekken met een  micro vezel handschoon  klamvochtig reinigen","53","vingertasten-en-vlekken-met-een-micro-vezel-handschoon-klamvochtig-reinigen-1678466911","1","2023-03-10 21:48:31","2023-03-10 21:48:31",\N
"44","Klamvochtig reinigen met micro vezel mop 25 cm met telescoophandel","Klamvochtig reinigen met micro vezel mop 25 cm met telescoophandel","52","klamvochtig-reinigen-met-micro-vezel-mop-25-cm-met-telescoophandel-1678467166","1","2023-03-10 21:52:46","2023-03-10 21:52:46",\N
"45","Met een  micro vezel handschoon  klamvochtig reinigen","Met een  micro vezel handschoon  klamvochtig reinigen","41","met-een-micro-vezel-handschoon-klamvochtig-reinigen-1678467342","1","2023-03-10 21:55:42","2023-04-27 11:35:09",\N
"46","Met een  micro vezel mop  klamvochtig reinigen","Met een  micro vezel mop  klamvochtig reinigen","54","met-een-micro-vezel-mop-klamvochtig-reinigen-1678468082","1","2023-03-10 22:08:02","2023-03-10 22:08:02",\N
"47","Met een  micro vezel handschoon  klamvochtig reinigen","Met een  micro vezel handschoon  klamvochtig reinigen","19","met-een-micro-vezel-handschoon-klamvochtig-reinigen-1678468197","1","2023-03-10 22:09:57","2023-03-10 22:09:57",\N
"48","Vingertasten en vlekken met een  micro vezel oek  klamvochtig reinigen","Vingertasten en vlekken met een  micro vezel oek  klamvochtig reinigen","53","vingertasten-en-vlekken-met-een-micro-vezel-oek-klamvochtig-reinigen-1678517391","1","2023-03-11 11:49:51","2023-03-11 11:49:51",\N
"49","Reinigen klamvochtig met micro vezel valkmop 25 cm met telecoophandel","Reinigen klamvochtig met micro vezel valkmop 25 cm met telecoophandel","52","reinigen-klamvochtig-met-micro-vezel-valkmop-25-cm-met-telecoophandel-1678518134","1","2023-03-11 12:02:14","2023-03-11 12:02:14",\N
"50","klamvochtig  moppen met mirovezel mop","klamvochtig  moppen met mirovezel mop","56","klamvochtig-moppen-met-mirovezel-mop-1678518902","1","2023-03-11 12:15:02","2023-03-15 16:03:51",\N
"51","Stofzuigen","Stofzuigen","56","stofzuigen-1678518962","1","2023-03-11 12:16:02","2023-03-15 16:04:19",\N
"52","Vegen met het borstel","Vegen met het borstel","56","vegen-met-het-borstel-1678519341","1","2023-03-11 12:22:21","2023-03-15 16:04:58",\N
"53","Met een  micro vezel handoek   klamvochtig reinigen","Met een  micro vezel handoek   klamvochtig reinigen","21","met-een-micro-vezel-handoek-klamvochtig-reinigen-1678548782","1","2023-03-11 20:33:02","2023-03-11 20:33:02",\N
"54","Reinig met een vochtige microvezeldoek","Reinig met een vochtige microvezeldoek","54","reinig-met-een-vochtige-microvezeldoek-1678549315","1","2023-03-11 20:41:55","2023-03-11 20:41:55",\N
"55","Moppen met miro vezel vlakmop","Moppen met miro vezel vlakmop","55","moppen-met-miro-vezel-vlakmop-1678553948","1","2023-03-11 21:59:08","2023-03-21 22:55:58","2023-03-21 22:55:58"
"56","Vingertasten en vlekken met een  micro vezel handschoon  klamvochtig reinigen","Vingertasten en vlekken met een  micro vezel handschoon  klamvochtig reinigen","16","vingertasten-en-vlekken-met-een-micro-vezel-handschoon-klamvochtig-reinigen-1678554907","1","2023-03-11 22:15:07","2023-03-11 22:15:07",\N
"57","Telefoon Clean","Telefoon Clean","1","telefoon-clean-1678800306","1","2023-03-14 18:25:06","2023-03-14 18:25:06",\N
"58","Vingertasten en vlekken met een  micro vezel handschoon  klamvochtig reinigen","Vingertasten en vlekken met een  micro vezel handschoon  klamvochtig reinigen","9","vingertasten-en-vlekken-met-een-micro-vezel-handschoon-klamvochtig-reinigen-1678869278","1","2023-03-15 13:34:38","2023-03-15 13:34:38",\N
"59","Klamvochtig reinigen  met een vlakmop 25cm met telescoophandel","Klamvochtig reinigen  met een vlakmop 25cm met telescoophandel","57","klamvochtig-reinigen-met-een-vlakmop-25cm-met-telescoophandel-1678870001","1","2023-03-15 13:46:41","2023-03-15 13:46:41",\N
"60","Glaswanden","Glaswanden","57","glaswanden-1678870503","1","2023-03-15 13:55:03","2023-03-15 13:55:03",\N
"61","Stofzuigen","Stofzuigen","27","stofzuigen-1678959062","1","2023-03-16 14:31:02","2023-03-16 14:31:02",\N
"62","Deurklinken binneduren klamvochtig reinigen met microvezeldoek","Deurklinken binneduren klamvochtig reinigen met microvezeldoek","13","deurklinken-binneduren-klamvochtig-reinigen-met-microvezeldoek-1679303604","1","2023-03-20 14:13:24","2023-03-20 14:13:24",\N
"63","Carpet Clean","Carpet Clean","46","vloertapijt-stofzuigen-1679305394","1","2023-03-20 14:43:14","2023-04-27 11:19:39",\N
"64","Volledige schoonmaak","Volledige schoonmaak","58","volledige-schoonmaak-1679312941","1","2023-03-20 16:49:01","2023-03-20 16:49:01",\N
"65","Maak de wastafel schoon met natte microvezelhandschoenen","Maak de wastafel schoon met natte microvezelhandschoenen","15","maak-de-wastafel-schoon-met-natte-microvezelhandschoenen-1679411116","1","2023-03-21 20:05:16","2023-03-21 20:05:16",\N
"66","mopping","mopping","27","nat-dweilen-met-een-microvezeldweil-1679420764","1","2023-03-21 22:46:04","2023-04-27 11:26:49",\N
"67","Stofvrije harde vloer met WET Microfiber Dweildoek. Houd het daarna schoon met tal van droog dweilen","Stofvrije harde vloer met WET Microfiber Dweildoek. Houd het daarna schoon met tal van droog dweilen","27","stofvrije-harde-vloer-met-wet-microfiber-dweildoek-houd-het-daarna-schoon-met-tal-van-droog-dweilen-1679425284","1","2023-03-22 00:01:24","2023-03-22 00:01:24",\N
"68","Verwijder vingerafdrukken en vlekken van glas. Gebruik de door het bedrijf verstrekte glasreinigingsset","Verwijder vingerafdrukken en vlekken van glas. Gebruik de door het bedrijf verstrekte glasreinigingsset","52","verwijder-vingerafdrukken-en-vlekken-van-glas-gebruik-de-door-het-bedrijf-verstrekte-glasreinigingsset-1679426472","1","2023-03-22 00:21:12","2023-03-22 00:21:12",\N
"69","Schoonmaken","Het schoonmaken","58","schoonmaken-1679497509","1","2023-03-22 20:05:09","2023-03-22 20:05:09",\N
"70","Bijzet tafel afnemen met microvezel","Bijzet tafel afnemen met microvezel","14","bijzet-tafel-afnemen-met-microvezel-1679576582","1","2023-03-23 18:03:02","2023-03-23 18:03:02",\N
"71","Test task in dutch","Test Task Desc.","71","test-task-in-dutch-1681132595","1","2023-04-10 17:16:35","2023-04-10 17:16:35",\N
"72","clean windows","clean thoroughly with micro fiber","73","clean-windows-1681290355","1","2023-04-12 13:05:55","2023-04-12 13:05:55",\N
"73","Change Bed Sheet","Change Bed Sheet","74","change-bed-sheet-1682418186","1","2023-04-25 14:23:06","2023-04-25 14:23:06",\N
"74","Change Pillow","Change Pillow","75","change-pillow-1682418275","1","2023-04-25 14:24:35","2023-04-25 14:24:35",\N
"75","Organize clothes in Wardrobe","Organize clothes in Wardrobe","76","organize-clothes-in-wardrobe-1682418383","1","2023-04-25 14:26:23","2023-04-25 14:26:23",\N
"76","کرسیوں کی صفائی","کرسی کو جھاڑن سے صاف کریں۔","77","krsio-ki-sfaei-1682498254","1","2023-04-26 12:37:34","2023-04-26 12:37:34",\N
"77","میزوں کی صفائی","نم مائکرو فائبر کپڑے سے میزیں صاف کریں۔","78","mizo-ki-sfaei-1682498410","1","2023-04-26 12:40:10","2023-04-26 12:40:10",\N
"78","فرش کی صفائی","خشک MOP گیلے MOPING کے بعد استعمال کیا جائے گا. فرش کی صورتحال کے لحاظ سے MOPING فریکوئنسی میں اضافہ کیا جا سکتا ہے۔ دن میں تین بار فرش صاف کرنے کے لیے گیلے موپ کا استعمال کریں۔","79","frsh-ki-sfaei-1682500233","1","2023-04-26 13:10:33","2023-04-26 13:10:33",\N
"79","شیشے کی صفائی","جھاڑن کا استعمال کرتے ہوئے دھول کو ہٹا دیں. کسی بھی داغ کو دور کرنے کے لیے گیلے مائیکرو فائبر کپڑے کا استعمال کریں۔ اگر ضروری ہو تو گلاس کلینر استعمال کریں۔","80","shish-ki-sfaei-1682503213","1","2023-04-26 14:00:13","2023-04-26 14:00:13",\N
"80","دروازے کی صفائی","دروازے کو صاف نم مائکرو فائبر کپڑے سے صاف کریں۔ دروازے کے ہینڈل سے داغوں کو ہٹانا بھی یقینی بنائیں","81","droaz-ki-sfaei-1682503423","1","2023-04-26 14:03:43","2023-04-26 14:03:43",\N
"81","واش بیسن کی صفائی","سب سے پہلے واش بیسن سے ضرورت سے زیادہ گندگی کو ہٹا دیں۔ ٹوائلٹ باؤل کلینر کا استعمال کریں اور بیسن کو دھوئے۔ واش بیسن کو سرخ مائیکرو فائبر کپڑے سے صاف کریں۔","82","oash-bisn-ki-sfaei-1682503906","1","2023-04-26 14:11:46","2023-04-26 14:11:46",\N
"82","آئینے کی صفائی","آئینے کو گیلا چھڑکیں۔ مائیکرو فائبر گلاس کپڑے سے آئینے کو صاف کریں۔","83","aaein-ki-sfaei-1682504020","1","2023-04-26 14:13:40","2023-04-26 14:13:40",\N
"83","ٹوائلٹ باؤل کی صفائی","ٹوائلٹ کلینر کو ٹوائلٹ باؤل پر چھڑکیں۔ ٹوائلٹ باؤل کو ٹوائلٹ برش سے برش کریں۔ اسے 2 منٹ کے لیے چھوڑ دیں۔ اوپر والی سیٹ اور فلشنگ سسٹم کو صاف کرنے کے لیے سرخ مائیکرو فائبر کپڑا استعمال کریں۔","84","oael-baoel-ki-sfaei-1682504629","1","2023-04-26 14:23:49","2023-04-26 14:23:49",\N
"84","دروازے کے ہینڈل کی صفائی","دروازے کے تمام ہینڈلز کو صاف کرنے کے لیے مائیکرو فائبر کپڑا استعمال کریں۔ اپنے سپروائزر کے مشورے کے مطابق جراثیم کش استعمال کریں۔","85","droaz-k-inl-ki-sfaei-1682504928","1","2023-04-26 14:28:48","2023-04-26 14:28:48",\N
"85","ٹشو ڈسپنسر کی صفائی","اسے صاف کرنے کے لیے مائیکرو فائبر کپڑا استعمال کریں۔ اسے دوبارہ بھریں اور دوبارہ بھرنے کے لیے دوپہر میں اسے دوبارہ چیک کریں۔","86","sho-spnsr-ki-sfaei-1682505142","1","2023-04-26 14:32:22","2023-04-26 14:32:22",\N
"86","صابن ڈسپنسر کی صفائی","صابن ڈسپنسر کو صاف کرنے کے لیے سفید ہینڈ پیڈ کا استعمال کریں۔ جب ضرورت ہو اسے دوبارہ بھریں۔","87","sabn-spnsr-ki-sfaei-1682505311","1","2023-04-26 14:35:11","2023-04-26 14:35:11",\N
"87","لائٹس کی صفائی","لائٹس صاف کرنے کے لیے مائیکرو فائبر ڈسٹر کا استعمال کریں۔ اگر ضرورت ہو تو ٹیلیسکوپک ہینڈل استعمال کریں۔","88","laes-ki-sfaei-1682505487","1","2023-04-26 14:38:07","2023-04-26 14:38:07",\N
"88","dust doors","dust doors","13","dust-doors-1682579777","1","2023-04-27 11:16:17","2023-04-27 11:16:17",\N
"89","clean skirting boards with damp microfiber cloth","clean skirting boards with damp microfiber cloth","89","clean-skirting-boards-with-damp-microfiber-cloth-1682579847","1","2023-04-27 11:17:27","2023-04-27 11:17:27",\N
"90","General Clean","General Clean","90","general-clean-1682587033","1","2023-04-27 13:17:13","2023-04-27 13:17:13",\N
"91","General Clean","General Clean","91","general-clean-1682763735","1","2023-04-29 14:22:15","2023-04-29 14:22:15",\N
"92","ٹرالی مکمل اشیاء کے ساتھ حوالے اور ٹیک اوور کی جائے گی۔","ٹرالی مکمل اشیاء کے ساتھ حوالے اور ٹیک اوور کی جائے گی۔","92","rali-mkml-ashia-k-sat-hoal-aor-ik-aoor-ki-jae-gi-1683109836","1","2023-05-03 14:30:36","2023-05-03 14:30:36",\N
"93","اسکربر مشین سے فرش کی صفائی اور گہری صفائی کے لیے سٹیم موپنگ کا استعمال","اسکربر مشین سے فرش کی صفائی اور گہری صفائی کے لیے سٹیم موپنگ کا استعمال","94","askrbr-mshin-s-frsh-ki-sfaei-aor-gri-sfaei-k-li-sim-mopng-ka-astaamal-1683308453","1","2023-05-05 21:40:53","2023-05-05 21:40:53",\N
"94","IVF لیبارٹری کو صاف کیا جائے۔","IVF لیبارٹری کو صاف کیا جائے۔","95","ivf-libarri-ko-saf-kia-jae-1683309252","1","2023-05-05 21:54:12","2023-05-05 21:54:12",\N
"95","باتھ روم کو صاف کیا جائے جس میں واش بیسن، کموڈ، آئینہ، فرش وغیرہ شامل ہوں۔","باتھ روم کو صاف کیا جائے جس میں واش بیسن، کموڈ، آئینہ، فرش وغیرہ شامل ہوں۔","96","bat-rom-ko-saf-kia-jae-js-mi-oash-bisn-kmo-aaein-frsh-oghir-shaml-o-1683309877","1","2023-05-05 22:04:37","2023-05-05 22:04:37",\N
"96","کمرے صاف کیے جائیں، کوڑے دان خالی کیے جائیں، مناسب طریقے سے ڈسٹنگ اور فرش کی صفائی کی جائے۔ اگر اس سے منسلک ہو تو واش روم صاف کریں۔","کمرے صاف کیے جائیں، کوڑے دان خالی کیے جائیں، مناسب طریقے سے ڈسٹنگ اور فرش کی صفائی کی جائے۔ اگر اس سے منسلک ہو تو واش روم صاف کریں۔","97","kmr-saf-ki-jaei-ko-dan-khali-ki-jaei-mnasb-trik-s-sng-aor-frsh-ki-sfaei-ki-jae-agr-as-s-mnslk-o-to-oash-rom-saf-kri-1683311157","1","2023-05-05 22:25:57","2023-05-05 22:25:57",\N
"97","Clean TV","Clean the tv using spray and microfiber","98","clean-tv-1683641795","1","2023-05-09 18:16:35","2023-05-09 18:16:35",\N
"98","Genera clean","Genera clean","101","genera-clean-1683719202","1","2023-05-10 15:46:42","2023-05-10 15:46:42",\N
"99","General Cleaning","General Cleaning","103","general-cleaning-1683719370","1","2023-05-10 15:49:30","2023-05-10 15:49:30",\N
"100","Remove Dust and change bottle","Remove Dust and change bottle","102","remove-dust-and-change-bottle-1683719443","1","2023-05-10 15:50:43","2023-05-10 15:50:43",\N
"101","Clean by microfiber mop","clean by microfiber mop","104","clean-by-microfiber-mop-1684156182","1","2023-05-15 17:09:42","2023-05-15 17:09:42",\N
"102","Clean table","Use microfiber to thoroughly clean the table","105","clean-table-1684394588","1","2023-05-18 11:23:08","2023-05-18 11:23:08",\N
"103","واشنگ مشین کے ذریعے موپس کی دھلائی","واشنگ مشین کے ذریعے موپس کی دھلائی","108","oashng-mshin-k-thriaa-mops-ki-dlaei-1684517833","1","2023-05-19 21:37:13","2023-05-19 21:37:13",\N
"104","Daily Extra Work","Daily Extra Work","109","daily-extra-work-1684726225","1","2023-05-22 07:30:25","2023-05-22 07:30:25",\N
"105","Scrubber Machine for Floor Cleaning","Scrubber Machine for Floor Cleaning","110","scrubber-machine-for-floor-cleaning-1685002551","1","2023-05-25 12:15:51","2023-05-25 12:15:51",\N
"106","General Cleaning","This task for all kind of cleaning","113","general-cleaning-1688637141","1","2023-07-06 13:52:21","2023-07-06 13:52:21",\N
"107","ceiling fan dusting","TELESCOPIC ہینڈل کے ذریعے چھت کے پنکھے کی صفائی","112","ceiling-fan-dusting-1688974119","1","2023-07-10 11:28:39","2023-07-10 11:28:39",\N
"108","Floor Skirting to be Cleaned","فلور اسکرٹنگ کو اچھی طرح سے صاف کیا جائے۔","111","floor-skirting-to-be-cleaned-1688974523","1","2023-07-10 11:35:23","2023-07-10 11:35:23",\N
"109","stairs leading out of the basement","تہہ خانے سے باہر نکلنے والی سیڑھیاں","114","stairs-leading-out-of-the-basement-1688978772","1","2023-07-10 12:46:12","2023-07-10 12:46:12",\N
"110","چٹائی","چٹائی کی صفائی","115","chaei-1688980983","1","2023-07-10 13:23:03","2023-07-10 13:23:03",\N
"111","اندر کی سیڑھیاں","سیڑھیوں اور سیڑھیوں کی گرل کی صفائی","116","andr-ki-siia-1688982253","1","2023-07-10 13:44:13","2023-07-10 13:44:13",\N
"112","washroom cleaning","clean washroom all things","117","washroom-cleaning-1689060347","1","2023-07-11 11:25:47","2023-07-11 11:25:47",\N
"113","Dusting of File Rack","Dusting of File Rack","118","dusting-of-file-rack-1689070425","1","2023-07-11 14:13:45","2023-07-11 14:13:45",\N
"114","Sample Racks to be Cleaned Properly","Sample Racks to be Cleaned Properly","119","sample-racks-to-be-cleaned-properly-1689070475","1","2023-07-11 14:14:35","2023-07-11 14:14:35",\N
"115","Clean The Chairs","clean with wet microfiber","120","clean-the-chairs-1689146618","1","2023-07-12 11:23:38","2023-07-12 11:23:38",\N
"116","Vloeren in de nieuwe was laag zetten","De vloer eerst strippen en daarna neutraliseren en laten drogen","121","vloeren-in-de-nieuwe-was-laag-zetten-1689439609","1","2023-07-15 20:46:49","2023-07-15 20:46:49",\N
"117","Glass Door Cleaning","Glass Door Cleaning Daily","69","window-glass-cleaning-1689589496","1","2023-07-17 14:24:56","2023-10-03 16:21:36",\N
"118","Glass Cleaning with Micro Fiber Cloth","Window Glass Cleaning Daily","122","glass-cleaning-with-micro-fiber-cloth-1689589588","1","2023-07-17 14:26:28","2023-07-17 14:26:28",\N
"119","Glass Cleaning with Micro Fiber Cloth","Window Glass Cleaning Daily","123","glass-cleaning-with-micro-fiber-cloth-1689850022","1","2023-07-20 15:47:02","2023-07-20 15:47:02",\N
"120","Floor Polish With Shiner Foam","Floor Polish With Shiner Foam","124","floor-polish-with-shiner-foam-1689850048","1","2023-07-20 15:47:28","2023-07-20 15:47:28",\N
"121","Apply Polish on Wooden Table","Apply Polish on Wooden Table","125","apply-polish-on-wooden-table-1689850095","1","2023-07-20 15:48:15","2023-07-20 15:48:15",\N
"122","Floor Cleaning with Broom & Wet Cloth","Floor Cleaning with Broom & Wet Cloth","126","floor-cleaning-with-broom-wet-cloath-1689947619","1","2023-07-21 18:53:39","2023-07-21 18:53:52",\N
"123","Clean with Microfiber Cloth","Cleaning","127","clean-with-microfiber-cloth-1690799777","1","2023-07-31 15:36:17","2023-07-31 15:36:17",\N
"124","Clean Chair with Microfiber Cloth","Chair Cleaning","128","clean-chair-with-microfiber-cloth-1690799805","1","2023-07-31 15:36:45","2023-07-31 15:36:45",\N
"125","Glass Table Cleaning with Microfiber Gloves","Cleaning with Microfiber Gloves","130","glass-table-cleaning-with-microfiber-gloves-1690799840","1","2023-07-31 15:37:20","2023-07-31 15:37:20",\N
"126","ریسیپشن ڈیسک پر موجود ہر آئٹم کو اچھی طرح سے صاف کیا جائے۔ فرش کو صاف کرنا، ہر چیز کو اچھی طرح سے صاف کرنا","ریسیپشن ڈیسک پر موجود ہر آئٹم کو اچھی طرح سے صاف کیا جائے۔ فرش کو صاف کرنا، ہر چیز کو اچھی طرح سے صاف کرنا","133","floor-cleaning-1691561590","1","2023-08-09 11:13:10","2023-08-21 21:13:23",\N
"127","floor cleaning","Clean the Floor with Surface cleaner and dry it properly.","131","floor-cleaning-1692259904","1","2023-08-17 13:11:44","2023-08-17 13:11:44",\N
"128","Led Cleaning","Clean the LEDs from front and back properly. clean the screen with a cleaner and soft fabric","132","led-cleaning-1692260829","1","2023-08-17 13:27:09","2023-08-17 13:27:09",\N
"129","Chair Cleaning","Clean the Chairs Properly","135","chair-cleaning-1692264487","1","2023-08-17 14:28:07","2023-08-17 14:28:07",\N
"130","Door Cleaning","Clean the Door Properly","139","door-cleaning-1692266566","1","2023-08-17 15:02:46","2023-08-17 15:02:46",\N
"131","Printing Machine cleaning","Clean the machines properly","143","printing-machine-cleaning-1692266643","1","2023-08-17 15:04:03","2023-08-17 15:04:03",\N
"132","Cabinets cleaning","Clean the cabinets properly","141","cabinets-cleaning-1692266726","1","2023-08-17 15:05:26","2023-08-17 15:05:26",\N
"133","AC cleaning","Clean the ac from inside and also clean it's filter","140","ac-cleaning-1692266792","1","2023-08-17 15:06:32","2023-08-17 15:06:32",\N
"134","باورچی خانے کے شیلف کو مناسب طریقے سے صاف کیا جائے۔ گندے برتنوں کو دھویا جائے اور مناسب طریقے سے رکھا جائے۔ تمام گندے کو مناسب طریقے سے کچرے کے تھیلے میں پھینک دیا جائے۔","باورچی خانے کے شیلف کو مناسب طریقے سے صاف کیا جائے۔ گندے برتنوں کو دھویا جائے اور مناسب طریقے سے رکھا جائے۔ تمام گندے کو مناسب طریقے سے کچرے کے تھیلے میں پھینک دیا جائے۔","142","kitchen-shelf-cleaning-1692266852","1","2023-08-17 15:07:32","2023-08-21 21:58:36",\N
"135","دفتر کے کمرے کے فرش کی صفائی کی جائے گی، میزوں اور کرسیوں کی صفائی کی جائے گی، دروازوں کی صفائی کی جائے گی، چھت کو ہائی ڈسٹنگ کیا جائے گا۔","دفتر کے کمرے کے فرش کی صفائی کی جائے گی، میزوں اور کرسیوں کی صفائی کی جائے گی، دروازوں کی صفائی کی جائے گی، چھت کو ہائی ڈسٹنگ کیا جائے گا۔","145","office-room-floor-to-be-cleaned-tables-and-chairs-dusting-to-be-done-doors-to-be-cleaned-ceiling-hi-dusting-to-be-done-1692618323","1","2023-08-21 16:45:23","2023-08-21 21:14:55",\N
"136","میٹنگ روم کی ہر چیز کو صاف کرنا ضروری ہے۔ فرش، کرسیاں، میز، دروازے اور دروازے کے ہینڈل، شیشے، چھت اور سب کچھ","میٹنگ روم کی ہر چیز کو صاف کرنا ضروری ہے۔ فرش، کرسیاں، میز، دروازے اور دروازے کے ہینڈل، شیشے، چھت اور سب کچھ","146","ming-rom-ki-r-chiz-ko-saf-krna-drori-frsh-krsia-miz-droaz-aor-droaz-k-inl-shish-cht-aor-sb-kch-1692635263","1","2023-08-21 21:27:43","2023-08-21 21:27:43",\N
"137","واش رومز کو صاف اور بدبو سے پاک ہونا چاہیے۔ ٹوائلٹ کموڈ کو کلینر سے صاف کیا جائے۔ ٹوائلٹ فلور کلینر فرش کی صفائی کے لیے استعمال کیا جائے گا۔ ٹشوز اور ہینڈ واش کو دوبارہ بھرنا ہے۔","واش رومز کو صاف اور بدبو سے پاک ہونا چاہیے۔ ٹوائلٹ کموڈ کو کلینر سے صاف کیا جائے۔ ٹوائلٹ فلور کلینر فرش کی صفائی کے لیے استعمال کیا جائے گا۔ ٹشوز اور ہینڈ واش کو دوبارہ بھرنا ہے۔","148","oash-romz-ko-saf-aor-bdbo-s-pak-ona-chai-oael-kmo-ko-klinr-s-saf-kia-jae-oael-flor-klinr-frsh-ki-sfaei-k-li-astaamal-kia-jae-ga-shoz-aor-in-oash-ko-dobar-brna-1692636475","1","2023-08-21 21:47:55","2023-08-21 21:47:55",\N
"138","آؤٹ ڈور پارکنگ ایریا کو جھاڑو کے ذریعے صاف کیا جائے۔ اگر ضروری ہو تو وائپر اور پریشر واٹر استعمال کیا جا سکتا ہے۔","آؤٹ ڈور پارکنگ ایریا کو جھاڑو کے ذریعے صاف کیا جائے۔ اگر ضروری ہو تو وائپر اور پریشر واٹر استعمال کیا جا سکتا ہے۔","147","aaoe-or-parkng-airia-ko-jao-k-thriaa-saf-kia-jae-agr-drori-o-to-oaepr-aor-prishr-oar-astaamal-kia-ja-skta-1692636813","1","2023-08-21 21:53:33","2023-08-21 21:53:33",\N
"139","لفٹ کوریڈور کی صفائی کی جائے گی۔ کینٹکی موپ سے فرش کو صاف کرنا ضروری ہے۔ شیشے اور سیڑھیاں بھی صاف کریں۔ کوڑا کرکٹ کو ڈبوں سے ہٹایا جائے اور ریفل لائننگ رکھی جائے۔","لفٹ کوریڈور کی صفائی کی جائے گی۔ کینٹکی موپ سے فرش کو صاف کرنا ضروری ہے۔ شیشے اور سیڑھیاں بھی صاف کریں۔ کوڑا کرکٹ کو ڈبوں سے ہٹایا جائے اور ریفل لائننگ رکھی جائے۔","149","lf-korior-ki-sfaei-ki-jae-gi-kinki-mop-s-frsh-ko-saf-krna-drori-shish-aor-siia-bi-saf-kri-koa-krk-ko-bo-s-aia-jae-aor-rifl-laenng-rki-jae-1692637525","1","2023-08-21 22:05:25","2023-08-21 22:05:25",\N
"140","مریض کے کمرے کو صاف کیا جائے۔ گندگی کو ہٹانا ہے۔ کچرے کی ٹوکری کو صاف کیا جائے۔ فرش موپنگ کرنا ہے۔ واش روم کو صاف کیا جائے۔ دھول کی مکمل صفائی کی جائے گی۔","مریض کے کمرے کو صاف کیا جائے۔ گندگی کو ہٹانا ہے۔ کچرے کی ٹوکری کو صاف کیا جائے۔ فرش موپنگ کرنا ہے۔ واش روم کو صاف کیا جائے۔ دھول کی مکمل صفائی کی جائے گی۔","150","mrid-k-kmr-ko-saf-kia-jae-gndgi-ko-ana-kchr-ki-okri-ko-saf-kia-jae-frsh-mopng-krna-oash-rom-ko-saf-kia-jae-dol-ki-mkml-sfaei-ki-jae-gi-1694250937","1","2023-09-09 14:15:37","2023-09-09 14:15:37",\N
"141","کمرے کو اچھی طرح صاف کریں۔ کپڑے کے ساتھ دھول کو ہٹا دیں. فرش صاف کریں. واش رومز صاف کریں۔ چھت صاف کریں۔ کچرے کی ٹوکری کو صاف کیا جائے۔","کمرے کو اچھی طرح صاف کریں۔ کپڑے کے ساتھ دھول کو ہٹا دیں. فرش صاف کریں. واش رومز صاف کریں۔ چھت صاف کریں۔ کچرے کی ٹوکری کو صاف کیا جائے۔","151","kmr-ko-achi-trh-saf-kri-kp-k-sat-dol-ko-a-di-frsh-saf-kri-oash-romz-saf-kri-cht-saf-kri-kchr-ki-okri-ko-saf-kia-jae-1694256470","1","2023-09-09 15:47:50","2023-09-09 15:49:05",\N
"142","ہاؤس کیپنگ ٹرالی کو صاف کیا جائے۔ تمام اشیاء کو مناسب طریقے سے رکھا جانا چاہئے. ٹرالی کے حوالے کرنا اور ٹیک اوور کرنا شفٹ کے شروع میں ہونا چاہیے","ہاؤس کیپنگ ٹرالی کو صاف کیا جائے۔ تمام اشیاء کو مناسب طریقے سے رکھا جانا چاہئے. ٹرالی کے حوالے کرنا اور ٹیک اوور کرنا شفٹ کے شروع میں ہونا چاہیے۔","157","aoes-kipng-rali-ko-saf-kia-jae-tmam-ashia-ko-mnasb-trik-s-rka-jana-chae-rali-k-hoal-krna-1694256781","1","2023-09-09 15:53:01","2023-09-09 15:54:36",\N
"143","Washroom to be cleaned. Dirty to be removed. Flush Basin and Toilet Bowl to be cleared and cleaned. Floor / mirrors / Taps / door and every item must be cleaned","واش روم کو صاف کیا جائے۔ گندا ہٹانا ہے۔ فلش بیسن اور ٹوائلٹ باؤل کو صاف کیا جائے۔ فرش / آئینے / نلکوں / دروازے اور ہر چیز کو صاف کرنا ضروری ہے","153","washroom-to-be-cleaned-dirty-to-be-removed-flush-basin-and-toilet-bowl-to-be-cleared-and-cleaned-floor-mirrors-taps-door-and-every-item-must-be-cleaned-1694257267","1","2023-09-09 16:01:07","2023-09-16 12:21:09",\N
"144","Floor mopping to be done. scrubber machine and steam machine to be used in case required","Floor mopping to be done. scrubber machine and steam machine to be used in case required","79","123-1694257303","1","2023-09-09 16:01:43","2023-09-09 16:03:10",\N
"145","اگر ضرورت ہو تو فرش کو مشین سے صاف کیا جائے۔ روزانہ موپنگ کی جائے۔ ابتدائی طور پر کینٹکی موپ صبح کے وقت لگائیں اور بعد میں کچھ وقفوں کے ساتھ سارا دن خشک موپ استعمال کریں۔","اگر ضرورت ہو تو فرش کو مشین سے صاف کیا جائے۔ روزانہ موپنگ کی جائے۔ ابتدائی طور پر کینٹکی موپ صبح کے وقت لگائیں اور بعد میں کچھ وقفوں کے ساتھ سارا دن خشک موپ استعمال کریں۔","158","agr-drort-o-to-frsh-ko-mshin-s-saf-kia-jae-rozan-mopng-ki-jae-abtdaei-tor-pr-kinki-mop-sbh-k-okt-lgaei-aor-baad-mi-kch-okfo-k-sat-sara-dn-khshk-mop-astaamal-kri-1694626986","1","2023-09-13 22:43:06","2023-09-13 22:43:06",\N
"146","Hi Dusting to be done daily basis with telescopic rod and use Stick Duster of ECU tools as per requirement","Hi Dusting to be done daily basis with telescopic rod and use Stick Duster of ECU tools as per requirement","159","hi-dusting-to-be-done-daily-basis-with-telescopic-rod-and-use-stick-duster-of-ecu-tools-as-per-requirement-1694627487","1","2023-09-13 22:51:27","2023-09-13 22:51:27",\N
"147","Use Microfiber Cloth for Cleaning Glass. Glass Doors to be cleaned after every 20-30 minutes","Use Microfiber Cloth for Cleaning Glass. Glass Doors to be cleaned after every 20-30 minutes","160","use-microfiber-cloth-for-cleaning-glass-glass-doors-to-be-cleaned-after-every-20-30-minutes-1694627600","1","2023-09-13 22:53:20","2023-09-13 22:53:20",\N
"148","All Tables and Chairs to be properly cleaned in morning prior to office hours. Dusting to be done with Microfiber Cloth","All Tables and Chairs to be properly cleaned in morning prior to office hours. Dusting to be done with Microfiber Cloth","161","all-tables-and-chairs-to-be-properly-cleaned-in-morning-prior-to-office-hours-dusting-to-be-done-with-microfiber-cloth-1694627793","1","2023-09-13 22:56:33","2023-09-13 22:56:33",\N
"149","Sofa and Sitting places to be cleaned properly. Use Microfiber Cloth for best results","Sofa and Sitting places to be cleaned properly. Use Microfiber Cloth for best results","162","sofa-and-sitting-places-to-be-cleaned-properly-use-microfiber-cloth-for-best-results-1694628031","1","2023-09-13 23:00:31","2023-09-13 23:00:31",\N
"150","All Doors to be cleaned. Knobs to be Cleaned. Side pannels also need to be cleaned","All Doors to be cleaned. Knobs to be Cleaned. Side pannels also need to be cleaned","163","all-doors-to-be-cleaned-knobs-to-be-cleaned-side-pannels-also-need-to-be-cleaned-1694628095","1","2023-09-13 23:01:35","2023-09-13 23:01:35",\N
"151","Cleaning Trolley need to be prepared as soon as shift starts. Every item to be properly placed in specified places","Cleaning Trolley need to be prepared as soon as shift starts. Every item to be properly placed in specified places","164","cleaning-trolley-need-to-be-prepared-as-soon-as-shift-starts-every-item-to-be-properly-placed-in-specified-places-1694628200","1","2023-09-13 23:03:20","2023-09-13 23:03:20",\N
"152","All dirty to be removed at the start of the shift. New liners to be placed in every dustbin. Regular check also need to be done","All dirty to be removed at the start of the shift. New liners to be placed in every dustbin. Regular check also need to be done","165","all-dirty-to-be-removed-at-the-start-of-the-shift-new-liners-to-be-placed-in-every-dustbin-regular-check-also-need-to-be-done-1694628304","1","2023-09-13 23:05:04","2023-09-13 23:05:04",\N
"153","Use toilet bowl cleaner for bowl cleaning. Use Floor Cleaner for Floor Cleaning. Use Surface Cleaner with Cloth to Clean Shelfs. Use Microfiber Cloth for Mirror Cleaning","Use toilet bowl cleaner for bowl cleaning. Use Floor Cleaner for Floor Cleaning. Use Surface Cleaner with Cloth to Clean Shelfs. Use Microfiber Cloth for Mirror Cleaning","166","use-toilet-bowl-cleaner-for-bowl-cleaning-use-floor-cleaner-for-floor-cleaning-use-surface-cleaner-with-cloth-to-clean-shelfs-use-microfiber-cloth-for-mirror-cleaning-1694628826","1","2023-09-13 23:13:46","2023-09-13 23:13:46",\N
"154","Hi Dusting to be done on daily basis","ہائے ڈسٹنگ روزانہ کی بنیاد پر کی جائے۔","152","hi-dusting-to-be-done-on-daily-basis-1694848759","1","2023-09-16 12:19:19","2023-09-16 12:21:35",\N
"155","گندے مئیٹس کو سپروائزر کے حوالے کیا جائے۔ کلین مئیٹس ریفلز سپروائزر سے جاری کیے جائیں گے۔","گندے مئیٹس کو سپروائزر کے حوالے کیا جائے۔ کلین مئیٹس ریفلز سپروائزر سے جاری کیے جائیں گے۔","154","gnd-mats-ko-sproaezr-k-hoal-kia-jae-ga-klin-mats-ri-flz-sproaezr-s-jari-ki-jaei-g-1694849130","1","2023-09-16 12:25:30","2023-09-16 12:30:47",\N
"156","فرش کو مسلسل موپ کے ذریعے صاف کیا جانا چاہیے۔ مشین واش روزانہ کی بنیاد پر کیا جائے. دھول تمام اشیاء سے ہٹا دیا جائے","فرش کو مسلسل موپ کے ذریعے صاف کیا جانا چاہیے۔ مشین واش روزانہ کی بنیاد پر کیا جائے. دھول تمام اشیاء سے ہٹا دیا جائے","167","frsh-ko-mslsl-mop-k-thriaa-saf-kia-jana-chai-mshin-oash-rozan-ki-bniad-pr-kia-jae-dol-tmam-ashia-s-a-dia-jae-1694849704","1","2023-09-16 12:35:04","2023-09-16 12:35:04",\N
"157","Glass Cleaning","شیشے کو ٹیلیسکوپک ہینڈل کے ذریعے صاف کیا جائے گا۔","155","glass-cleaning-1694854555","1","2023-09-16 13:55:55","2023-09-16 13:55:55",\N
"158","peter","vloer geheel opnieuw doen","121","peter-1695022449","1","2023-09-18 12:34:09","2023-09-18 12:34:09",\N
"159","Floor and Skirting","فرش اور اسکرٹنگ کو صاف کرنا ہے۔","156","floor-and-skirting-1695288778","1","2023-09-21 14:32:58","2023-09-21 14:32:58",\N
"160","فرش کو صاف کرنا ہے۔","فرش کو صاف کرنا ہے۔","169","frsh-ko-saf-krna-1695290316","1","2023-09-21 14:58:36","2023-09-21 14:58:36",\N
"161","Mat Washing","Mat washing","170","mat-washing-1695731073","1","2023-09-26 17:24:33","2023-09-26 17:24:33",\N
"162","Table Cleaning","Table Cleaning with Microfiber Cloth","171","table-cleaning-1696332399","1","2023-10-03 16:26:39","2023-10-03 16:26:39",\N
"163","Glasbewassing","Wassen met trekker en inwasser","173","glasbewassing-1698144402","1","2023-10-24 15:46:42","2023-10-24 15:46:42",\N
"164","Walls clean","Walls Clean","174","walls-clean-1699945482","1","2023-11-14 12:04:42","2023-11-14 12:04:42",\N
"165","Furniture clean","Furniture clean","175","furniture-clean-1699945503","1","2023-11-14 12:05:03","2023-11-14 12:05:03",\N
"166","clean chairs","clean all the chairs throoughly","181","clean-chairs-1700470930","1","2023-11-20 14:02:10","2023-11-20 14:02:10",\N
"167","clean with micro fiber cloth","clean with micro fiber cloth","73","clean-with-micro-fiber-cloth-1700562547","1","2023-11-21 15:29:07","2023-11-21 15:29:07",\N
"168","clean with micro fiber cloth","clean with micro fiber cloth","181","clean-with-micro-fiber-cloth-1700635932","1","2023-11-22 11:52:12","2023-11-22 11:52:12",\N
"169","Office Table Cleaning","Office Table Cleaning with Microfiber Cloth","182","office-table-cleaning-1700819191","1","2023-11-24 14:46:31","2023-11-24 14:46:31",\N
"170","Office Chair Cleaning","Office Chair Cleaning with Microfiber Cloth","183","office-chair-cleaning-1700819212","1","2023-11-24 14:46:52","2023-11-24 14:46:52",\N
"171","demo task","demo expo","60","demo-task-1710340188","1","2024-03-13 19:29:48","2024-03-13 19:29:48",\N
"172","Window deep cleaning","Clean windows using chemical/microfiber","73","window-deep-cleaning-1711125661","1","2024-03-22 21:41:01","2024-03-22 21:41:01",\N
"173","Deep cleaning windows","Use microfibre with chemical to clean windows","73","deep-cleaning-windows-1711455241","1","2024-03-26 17:14:01","2024-03-26 17:14:01",\N
"174","Wipe down chairs","Wipe down chairs with microfibre using chemicals","181","wipe-down-chairs-1711462122","1","2024-03-26 19:08:42","2024-03-26 19:08:42",\N
"175","Polish Door","polish the door","104","polish-door-1712564429","1","2024-04-08 13:20:29","2024-04-08 13:20:29",\N
"176","Window deep cleaning","deep clean windows","73","window-deep-cleaning-1714561878","1","2024-05-01 16:11:18","2024-05-01 16:11:18",\N
"177","Deep cleaning of the chairs","use chemicals to clean with microfibre","181","deep-cleaning-of-the-chairs-1714730751","1","2024-05-03 15:05:51","2024-05-03 15:05:51",\N
"178","wash with chemical  deep clean","wash with chemical  deep clean more better","187","wash-with-chemical-deep-clean-1716023971","1","2024-05-18 14:19:31","2024-05-18 14:19:31",\N
"179","clean with microfaber cloth","clean with microfaber cloth","188","clean-with-microfaber-cloth-1716385896","1","2024-05-22 18:51:36","2024-05-22 18:51:36",\N
"180","Clean Table","Clean the tables using microfiber","188","clean-table-1717073316","1","2024-05-30 17:48:36","2024-05-30 17:48:36",\N
"181","Clean Cladding","Water pressure","189","clean-table-1719481973","1","2024-06-27 14:52:53","2024-07-08 15:42:44",\N
"182","Clean Podium","Applicator and wiper","190","clean-chair-1719481994","1","2024-06-27 14:53:14","2024-07-08 15:43:15",\N
"183","Clean Facade Glass","Applicator and wiper","191","clean-car-1719482010","1","2024-06-27 14:53:30","2024-07-08 15:43:02",\N
"184","Clean Steel Structure","Water pressure","192","clean-steel-structure-1719903083","1","2024-07-02 11:51:23","2024-07-08 15:43:38",\N
"185","Clean Canopy","Applicator and wiper","193","clean-canopy-1719903104","1","2024-07-02 11:51:44","2024-07-08 15:44:29",\N
"186","Clean Catwalk","Water pressure","194","clean-curve-glass-1719903118","1","2024-07-02 11:51:58","2024-07-08 15:45:06",\N
"187","-","-","195","clean-catwalk-1719903135","1","2024-07-02 11:52:15","2024-07-11 15:51:06",\N
"188","Clean floor","Clean using chemicals","186","clean-floor-1722424184","1","2024-07-31 16:09:44","2024-07-31 16:09:44",\N
